Original_Name,Category,Subcategory,Second_level_Subcategory,ruT5,rugpt,rembert,rubert_tiny2,multilingual_e5,multilingual_use,labse,xlm_roberta,spacy,tfidf,bert_multilingual,distilbert_multilingual,xlm_roberta_large,mdeberta_v3,bertopic,roberta_squad,flan_t5,distilbert_sst,Manual_normalization
Шары россыпью SY-1401 50мм красный,Новогодние товары,Украшения елочные,Шары новогодние,Оригинал Оригинал Оригинал Оригинал Оригинал Оригинал Оригинал Оригинал Оригинал ОригиналОригиналОригиналОригиналОригиналОригиналОригиналОригиналОригиналОригиналОригиналОригиналОригиналОригинал,"50мм, цвет - красный","шары россыпью, 50мм, цвет - красный","шары россыпью, 50мм, цвет - красный","шары россыпью, 50мм, цвет - красный","шары россыпью, 50мм, цвет - красный","шары россыпью, 50мм, цвет - красный","шары россыпью, 50мм, цвет - красный","шары, 50мм, цвет - красный","шары россыпью, 50мм, цвет - красный","шары россыпью, 50мм, цвет - красный","шары россыпью, 50мм, цвет - красный","шары россыпью, 50мм, цвет - красный",шары россыпью 50мм цвет - красный,шары россыпью 50мм цвет - красный,шары россыпью 50мм красный,"ар росс 50мм красн, ар росс 50мм красн, ар росс 50мм красн",шары россыпью 50мм красный,Шары 50мм красный
Набор шаров 3шт 10см синий SYQE-012124,Новогодние товары,Украшения елочные,Шары новогодние,"й шары шары шарае цвет, цвет, цвет, цвет, цвет, цвет, цвет, цвет, цвет, цвет, цвет, цвет, цвет, цвет, цвет, цвет, цвет, цвет, цвет, цвет, цвет, цвет, цвет, цвет, цвет, цвет, цвет, цвет, цвет, цвет, цвет, цвет, цвет, цвет, цвет, цвет, цвет, цвет, цвет, цвет, цвет, цвет, цвет,, цвет, цвет, цвет,","шт 10, 10см, 3см, 3см, 3см, 3см, 3см, цвет - синий","набор шаров, 3шт, 10см, цвет - синий","набор шаров, 3шт, 10см, цвет - синий","набор шаров, 3шт, 10см, цвет - синий","набор шаров, 3шт, 10см, цвет - синий","набор шаров, 3шт, 10см, цвет - синий","набор шаров, 3шт, 10см, цвет - синий","набор, 3шт, 10см, цвет - синий","набор шаров, 3шт, 10см, цвет - синий","набор шаров, 3шт, 10см, цвет - синий","набор шаров, 3шт, 10см, цвет - синий","набор шаров, 3шт, 10см, цвет - синий",набор шаров 3шт 10см цвет - синий,набор шаров 3шт 10см цвет - синий,набор шаров 3шт 10см синий,"аров 3т 10см сини, аров 3т 10см сини, аров 3т 10см сини",набор шаров 3шт 10см синий,"Шары 10см синий, набор 3шт"
Набор шаров 40шт 4-7см фиолетовый+шампанское SYQC-012158,Новогодние товары,Украшения елочные,Шары новогодние,набор шаров 40шт 4-7см фиолетовый+шампанское,"шт 4, 7см","набор шаров, 40шт, 4-7см, цвет - фиолетовый+шампанское","набор шаров, 40шт, 4-7см, цвет - фиолетовый+шампанское","набор шаров, 40шт, 4-7см, цвет - фиолетовый+шампанское","набор шаров, 40шт, 4-7см, цвет - фиолетовый+шампанское","набор шаров, 40шт, 4-7см, цвет - фиолетовый+шампанское","набор шаров, 40шт, 4-7см, цвет - фиолетовый+шампанское","набор, 40шт, 7см","набор шаров, 40шт, 4-7см, цвет - фиолетовый+шампанское","набор шаров, 40шт, 4-7см, цвет - фиолетовый+шампанское","набор шаров, 40шт, 4-7см, цвет - фиолетовый+шампанское","набор шаров, 40шт, 4-7см, цвет - фиолетовый+шампанское",набор шаров 40шт 4-7см цвет - фиолетовый+шампанское,набор шаров 40шт 4-7см цвет - фиолетовый+шампанское,набор шаров 40шт 4-7см фиолетовый+шампанское,"иолетов+аманское, аров 40т 4-7sm иолетов+аманское, иолетов+аманское",набор шаров 40шт 4-7см фиолетовый+шампанское,"Шары 4-7см фиолетовый+шампанское, набор 40шт"
Набор шаров 12шт 8см красный SYQB-012171,Новогодние товары,Украшения елочные,Шары новогодние,цвет - красный,"шт 8, 8см, 8см, 8см, 8см, 8см, 8см, 8см, цвет - красный","набор шаров, 12шт, 8см, цвет - красный","набор шаров, 12шт, 8см, цвет - красный","набор шаров, 12шт, 8см, цвет - красный","набор шаров, 12шт, 8см, цвет - красный","набор шаров, 12шт, 8см, цвет - красный","набор шаров, 12шт, 8см, цвет - красный","набор, 12шт, 8см, цвет - красный","набор шаров, 12шт, 8см, цвет - красный","набор шаров, 12шт, 8см, цвет - красный","набор шаров, 12шт, 8см, цвет - красный","набор шаров, 12шт, 8см, цвет - красный",набор шаров 12шт 8см цвет - красный,набор шаров 12шт 8см цвет - красный,набор шаров 12шт 8см красный,"аров 12т 8см красн, ар 12т 8см красн, аров 12т 8см красн",набор шаров 12шт 8см красный,"Шары 8см красный, набор 12шт"
Набор шаров 16шт 8см медь SYQE-0121261,Новогодние товары,Украшения елочные,Шары новогодние,набор шаров 16шт 8см медь,"шт 8, 8см, цвет - медь","набор шаров, 16шт, 8см, цвет - медь","набор шаров, 16шт, 8см, цвет - медь","набор шаров, 16шт, 8см, цвет - медь","набор шаров, 16шт, 8см, цвет - медь","набор шаров, 16шт, 8см, цвет - медь","набор шаров, 16шт, 8см, цвет - медь","набор, 16шт, 8см, цвет - медь","набор шаров, 16шт, 8см, цвет - медь","набор шаров, 16шт, 8см, цвет - медь","набор шаров, 16шт, 8см, цвет - медь","набор шаров, 16шт, 8см, цвет - медь",набор шаров 16шт 8см цвет - медь,набор шаров 16шт 8см цвет - медь,набор шаров 16шт 8см медь,"аров 16т 8см мед, ар 16т 8см мед, аров 16т 8см мед",набор шаров 16шт 8см медь,"Шары 8см медь, набор 16шт"
Набор шаров 16шт 8см синий SYQE-0121264,Новогодние товары,Украшения елочные,Шары новогодние,цвет цвет цвет цвет цвет цвет цвет цвет цвет цвет цвет цвет цвет цвет цвет цвет цвет цвет цвет цвет цвет цвет цвет цвет цвет цвет цвет цвет цвет цвет цвет цвет цвет цвет цвет цвет цвет цвет цвет цвет цвет цвет цвет цвет цвет цвет цвет цвет цвет цвет цвет цвет цвет цвет цвет цвет цвет цвет цвет цвет цвет цвет цвет цвет цвет цвет цвет цвет цвет цвет цвет цвет цвет цвет цвет цвет цвет цвет цвет цвет цвет цвет цвет цвет цвет цвет цвет цвет цвет цвет цвет цвет цвет цвет цвет цвет цвет цвет цвет цвет цвет цвет цвет цвет цвет цвет цвет цвет цвет цвет цвет цвет,"шт 8, 8см, 8см, 8см, 8см, 8см, 8см, 8см, цвет - красный","набор шаров, 16шт, 8см, цвет - синий","набор шаров, 16шт, 8см, цвет - синий","набор шаров, 16шт, 8см, цвет - синий","набор шаров, 16шт, 8см, цвет - синий","набор шаров, 16шт, 8см, цвет - синий","набор шаров, 16шт, 8см, цвет - синий","набор, 16шт, 8см, цвет - синий","набор шаров, 16шт, 8см, цвет - синий","набор шаров, 16шт, 8см, цвет - синий","набор шаров, 16шт, 8см, цвет - синий","набор шаров, 16шт, 8см, цвет - синий",набор шаров 16шт 8см цвет - синий,набор шаров 16шт 8см цвет - синий,набор шаров 16шт 8см синий,"аров 16т 8см сини, ари 16т 8см сини, аров 16т 8см сини",набор шаров 16шт 8см синий,"Шары 8см синий, набор 16шт"
Набор шаров 24шт 8см розовый SYQA-012104-RO,Новогодние товары,Украшения елочные,Шары новогодние,набор шаров 24шт 8см розовый -ro,"шт 8, 8см","набор шаров, 24шт, 8см","набор шаров, 24шт, 8см","набор шаров, 24шт, 8см","набор шаров, 24шт, 8см","набор шаров, 24шт, 8см","набор шаров, 24шт, 8см","набор, 24шт, 8см","набор шаров, 24шт, 8см","набор шаров, 24шт, 8см","набор шаров, 24шт, 8см","набор шаров, 24шт, 8см",набор шаров 24шт 8см,набор шаров 24шт 8см,набор шаров 24шт 8см розовый -ro,"аров 24т 8см роов -ro, ари ари ари ари ари ари ари ари ари ари ари ари ари ари ари ари ари ари, аров 24т 8см роов -ro",набор шаров 24шт 8см розовый -ro,"Шары 8см розовый, набор 24шт"
Шар с узором 8см синий SYPMQA-102125,Новогодние товары,Украшения елочные,Шары новогодние,шар с узором 8см синий sypmqa-102125,"8см, цвет - синий","шар узором, 8см, цвет - синий","шар узором, 8см, цвет - синий","шар узором, 8см, цвет - синий","шар узором, 8см, цвет - синий","шар узором, 8см, цвет - синий","шар узором, 8см, цвет - синий","шар, 8см, цвет - синий","шар узором, 8см, цвет - синий","шар узором, 8см, цвет - синий","шар узором, 8см, цвет - синий","шар узором, 8см, цвет - синий",шар узором 8см цвет - синий,шар узором 8см цвет - синий,шар с узором 8см синий sypmqa-102125,"ар с уором 8см сини, ар с уором 8см сини, ар с уором 8см сини",шар с узором 8см синий sypmqa-102125,Шар с узором 8см синий
Шар с узором 8см зелёный SYPMQB-1021220,Новогодние товары,Украшения елочные,Шары новогодние,шар с узором 8см зелёный sypmqb-1021220,8см,"шар узором, 8см","шар узором, 8см","шар узором, 8см","шар узором, 8см","шар узором, 8см","шар узором, 8см","шар, 8см","шар узором, 8см","шар узором, 8см","шар узором, 8см","шар узором, 8см",шар узором 8см,шар узором 8см,шар с узором 8см зелёный sypmqb-1021220,"ар с уором 8см елн, ар с уором 8см елн, ар с уором 8см елн",шар с узором 8см зелёный sypmqb-1021220,Шар с узором 8см зелёный
Шар с узором 8см розовый SYPMQA-1021226,Новогодние товары,Украшения елочные,Шары новогодние,шар с узором 8см розовый sypmqa-1021226,8см,"шар узором, 8см","шар узором, 8см","шар узором, 8см","шар узором, 8см","шар узором, 8см","шар узором, 8см","шар, 8см","шар узором, 8см","шар узором, 8см","шар узором, 8см","шар узором, 8см",шар узором 8см,шар узором 8см,шар с узором 8см розовый sypmqa-1021226,"ар с уором 8см роов, ар с уором 8см роов, ар с уором 8см роов",шар с узором 8см розовый sypmqa-1021226,Шар с узором 8см розовый
Шар с узором 8см синий SYPMQB-102116,Новогодние товары,Украшения елочные,Шары новогодние,шар с узором 8см синий sypmqb-102116,"8см, цвет - синий","шар узором, 8см, цвет - синий","шар узором, 8см, цвет - синий","шар узором, 8см, цвет - синий","шар узором, 8см, цвет - синий","шар узором, 8см, цвет - синий","шар узором, 8см, цвет - синий","шар, 8см, цвет - синий","шар узором, 8см, цвет - синий","шар узором, 8см, цвет - синий","шар узором, 8см, цвет - синий","шар узором, 8см, цвет - синий",шар узором 8см цвет - синий,шар узором 8см цвет - синий,шар с узором 8см синий sypmqb-102116,"ар с уором 8см сини, ар с уором 8см сини, ар с уором 8см сини",шар с узором 8см синий sypmqb-102116,Шар с узором 8см синий
Шар с узором 8см синий SYPMQA-102126,Новогодние товары,Украшения елочные,Шары новогодние,шар с узором 8см синий sypmqa-102126,"8см, цвет - синий","шар узором, 8см, цвет - синий","шар узором, 8см, цвет - синий","шар узором, 8см, цвет - синий","шар узором, 8см, цвет - синий","шар узором, 8см, цвет - синий","шар узором, 8см, цвет - синий","шар, 8см, цвет - синий","шар узором, 8см, цвет - синий","шар узором, 8см, цвет - синий","шар узором, 8см, цвет - синий","шар узором, 8см, цвет - синий",шар узором 8см цвет - синий,шар узором 8см цвет - синий,шар с узором 8см синий sypmqa-102126,"ар с уором 8см сини, ар с уором 8см сини, ар с уором 8см сини",шар с узором 8см синий sypmqa-102126,Шар с узором 8см синий
Шар с узором 8см красный SYPMQC-102125,Новогодние товары,Украшения елочные,Шары новогодние,шар с узором 8см красный sypmqc-102125,"8см, цвет - красный","шар узором, 8см, цвет - красный","шар узором, 8см, цвет - красный","шар узором, 8см, цвет - красный","шар узором, 8см, цвет - красный","шар узором, 8см, цвет - красный","шар узором, 8см, цвет - красный","шар, 8см, цвет - красный","шар узором, 8см, цвет - красный","шар узором, 8см, цвет - красный","шар узором, 8см, цвет - красный","шар узором, 8см, цвет - красный",шар узором 8см цвет - красный,шар узором 8см цвет - красный,шар с узором 8см красный sypmqc-102125,"ар с уором 8см красн, ар с уором 8см красно, ар с уором 8см красн",шар с узором 8см красный sypmqc-102125,Шар с узором 8см красный
Украшение елочное Шар с декором 8см пластик 460143,Новогодние товары,Украшения елочные,Шары новогодние,", , , , , , , ,","8см, 460143,5см, 40см, 40см, 40см, 40см, 40см, 40см, материал - пластик, цвет - белый","украшение шар, 8см","украшение шар, 8см","украшение шар, 8см","украшение шар, 8см","украшение шар, 8см","украшение шар, 8см","украшение, 8см, материал - пластик","украшение шар, 8см","украшение шар, 8см","украшение шар, 8см","украшение шар, 8см",украшение шар 8см,украшение шар 8см,украшение елочное шар с декором 8см пластик 460143,"украение елоное ар с декором 8см ластик 460143, краение лоное ар с декором 8см ластик 460143, ар краин ар ластик 460143",украшение елочное шар с декором 8см пластик 460143,Шар с декором 8см пластик
Украшение елочное Шар с декором 8см пластик 460228,Новогодние товары,Украшения елочные,Шары новогодние,украшение елочное шар с декором 8см пластик 460228,"8см, материал - пластик","украшение шар, 8см","украшение шар, 8см","украшение шар, 8см","украшение шар, 8см","украшение шар, 8см","украшение шар, 8см","украшение, 8см, материал - пластик","украшение шар, 8см","украшение шар, 8см","украшение шар, 8см","украшение шар, 8см",украшение шар 8см,украшение шар 8см,украшение елочное шар с декором 8см пластик 460228,"украение елоное ар с декором 8см ластик 460228, краение лоное ар с декором 8см ластик 460228, ар ар ар ар ар ар ар ар ар ар ар ар ар ар ар ар ар ар ар ар ар ар ар ар ар ар ар ар ар ар ар а",украшение елочное шар с декором 8см пластик 460228,Шар с декором 8см пластик
Украшение елочное Шар с декором 8см пластик 460242,Новогодние товары,Украшения елочные,Шары новогодние,", , , , , , , ,","8см, 460242,5см, 8см, 8см, 8см, 8см, 8см, 8см, 8см, 8см, материал - пластик, цвет - белый","украшение шар, 8см","украшение шар, 8см","украшение шар, 8см","украшение шар, 8см","украшение шар, 8см","украшение шар, 8см","украшение, 8см, материал - пластик","украшение шар, 8см","украшение шар, 8см","украшение шар, 8см","украшение шар, 8см",украшение шар 8см,украшение шар 8см,украшение елочное шар с декором 8см пластик 460242,"украение елоное ар с декором 8см ластик 460242, краение лоное ар с декором 8см ластик 460242, ар ар ар ар ар ар ар ар ар ар ар ар ар ар ар ар ар ар ар ар ар ар ар ар ар ар ар ар ар ар ар а",украшение елочное шар с декором 8см пластик 460242,Шар с декором 8см пластик
"Набор шаров 3шт 8см радужно-золотой, SYQDPET-0123008",Новогодние товары,Украшения елочные,Шары новогодние,набор шаров 3шт 8см радужно-золотой syqdpet-0123008,"шт 8, 8см, цвет - золото","набор шаров, 3шт, 8см, цвет - золото","набор шаров, 3шт, 8см, цвет - золото","набор шаров, 3шт, 8см, цвет - золото","набор шаров, 3шт, 8см, цвет - золото","набор шаров, 3шт, 8см, цвет - золото","набор шаров, 3шт, 8см, цвет - золото","набор, 3шт, 8см, цвет - золото","набор шаров, 3шт, 8см, цвет - золото","набор шаров, 3шт, 8см, цвет - золото","набор шаров, 3шт, 8см, цвет - золото","набор шаров, 3шт, 8см, цвет - золото",набор шаров 3шт 8см цвет - золото,набор шаров 3шт 8см цвет - золото,набор шаров 3шт 8см радужно-золотой syqdpet-0123008,"аров 3т 8см радуно-олото, аров 3т 8см радуно-олото, аров 3т 8см радуно-олото",набор шаров 3шт 8см радужно-золотой syqdpet-0123008,"Шары 8см радужно-золотой, набор 3шт"
"Набор шаров 6шт 8см радужно-голубой, SYQA-0123001",Новогодние товары,Украшения елочные,Шары новогодние,в формат шары шары,"шт 8, 8см, 5см, 5см, 5см, 5см, 5см, 5см, 5см, 5см, 5см, 5см, 5см, цвет - белый","набор шаров, 6шт, 8см","набор шаров, 6шт, 8см","набор шаров, 6шт, 8см","набор шаров, 6шт, 8см","набор шаров, 6шт, 8см","набор шаров, 6шт, 8см","набор, 6шт, 8см","набор шаров, 6шт, 8см","набор шаров, 6шт, 8см","набор шаров, 6шт, 8см","набор шаров, 6шт, 8см",набор шаров 6шт 8см,набор шаров 6шт 8см,набор шаров 6шт 8см радужно-голубой,"аров 6т 8см радуно-олуо, аров 6т 8см радуно-олуо, аров 6т 8см радуно-олуо",набор шаров 6шт 8см радужно-голубой,"Шары 8см радужно-голубой, набор 6шт"
"Набор шаров 24шт 6см жемчужный+белый, SYQA-0123050",Новогодние товары,Украшения елочные,Шары новогодние,набор шаров 24шт 6см жемчужный+белый,"шт 6, 6см, цвет - белый","набор шаров, 24шт, 6см, цвет - белый","набор шаров, 24шт, 6см, цвет - белый","набор шаров, 24шт, 6см, цвет - белый","набор шаров, 24шт, 6см, цвет - белый","набор шаров, 24шт, 6см, цвет - белый","набор шаров, 24шт, 6см, цвет - белый","набор, 24шт, 6см, цвет - белый","набор шаров, 24шт, 6см, цвет - белый","набор шаров, 24шт, 6см, цвет - белый","набор шаров, 24шт, 6см, цвет - белый","набор шаров, 24шт, 6см, цвет - белый",набор шаров 24шт 6см цвет - белый,набор шаров 24шт 6см цвет - белый,набор шаров 24шт 6см жемчужный+белый,"аров 24т 6см емун+ел, ар 24т 6см емун+ел, аров 24т 6см емун+ел",набор шаров 24шт 6см жемчужный+белый,"Шары 6см жемчужный+белый, набор 24шт"
"Набор шаров 6шт 8см синяя ночь, SYQB2-0123144",Новогодние товары,Украшения елочные,Шары новогодние,с с с с с,"шт 8, 8см, 8см, 8см, 8см, 8см, 8см","набор шаров, 6шт, 8см","набор шаров, 6шт, 8см","набор шаров, 6шт, 8см","набор шаров, 6шт, 8см","набор шаров, 6шт, 8см","набор шаров, 6шт, 8см","набор, 6шт, 8см","набор шаров, 6шт, 8см","набор шаров, 6шт, 8см","набор шаров, 6шт, 8см","набор шаров, 6шт, 8см",набор шаров 6шт 8см,набор шаров 6шт 8см,набор шаров 6шт 8см синяя ночь,"аров 6т 8см, ар 6т 8см ар, аров 6т 8см син но",набор шаров 6шт 8см синяя ночь,"Шары 8см синяя ночь, набор 6шт"
"Набор шаров 24шт 6см мятный+белый, SYQA-0123012",Новогодние товары,Украшения елочные,Шары новогодние,набор шаров 24шт 6см мятный+белый,"шт 6, 6см, цвет - красный","набор шаров, 24шт, 6см, цвет - белый","набор шаров, 24шт, 6см, цвет - белый","набор шаров, 24шт, 6см, цвет - белый","набор шаров, 24шт, 6см, цвет - белый","набор шаров, 24шт, 6см, цвет - белый","набор шаров, 24шт, 6см, цвет - белый","набор, 24шт, 6см, цвет - белый","набор шаров, 24шт, 6см, цвет - белый","набор шаров, 24шт, 6см, цвет - белый","набор шаров, 24шт, 6см, цвет - белый","набор шаров, 24шт, 6см, цвет - белый",набор шаров 24шт 6см цвет - белый,набор шаров 24шт 6см цвет - белый,набор шаров 24шт 6см мятный+белый,"аров 24т 6см мтн+ел, ар 24т 6см метн+ел, аров 24т 6см мтн+ел",набор шаров 24шт 6см мятный+белый,"Шары 6см мятный+белый, набор 24шт"
"Шар с узором 8см кофе, SYPMQB-0223015",Новогодние товары,Украшения елочные,Шары новогодние,шар с узором 8см кофе sypmqb-0223015,"8см, 8см, 8см","шар узором, 8см","шар узором, 8см","шар узором, 8см","шар узором, 8см","шар узором, 8см","шар узором, 8см","шар, 8см","шар узором, 8см","шар узором, 8см","шар узором, 8см","шар узором, 8см",шар узором 8см,шар узором 8см,шар с узором 8см кофе sypmqb-0223015,"ар с уором 8см кое, ар с уором 8см кое, ар с уором 8см кое",шар с узором 8см кофе sypmqb-0223015,Шар с узором 8см кофе
Шар новогодний 8см синий/серый арт.90722,Новогодние товары,Украшения елочные,Шары новогодние,шар новогодний 8см синий/серый арт90722,"8см, 8см, 8см, 8см, цвет - синий","шар, 8см, цвет - синий","шар, 8см, цвет - синий","шар, 8см, цвет - синий","шар, 8см, цвет - синий","шар, 8см, цвет - синий","шар, 8см, цвет - синий","шар, 8см, цвет - синий","шар, 8см, цвет - синий","шар, 8см, цвет - синий","шар, 8см, цвет - синий","шар, 8см, цвет - синий",шар 8см цвет - синий,шар 8см цвет - синий,шар новогодний 8см синий/серый арт90722,"ар новоодни 8см сини/сер арт90722, new generation 8sm synth/core aрт90722, ар новоодни 8см сини/сер арт90722",шар новогодний 8см синий/серый арт90722,Шар новогодний 8см синий/серый
Набор шаров 34шт 4см медный SYQA-0122348,Новогодние товары,Украшения елочные,Шары новогодние,набор шаров 34шт 4см медный,"шт 4, 4см, 3см, 4см, 5см, 6см, 7см, 8см, 9см, 10см, 11см, 12см, 13см, 14см, 15см","набор шаров, 34шт, 4см","набор шаров, 34шт, 4см","набор шаров, 34шт, 4см","набор шаров, 34шт, 4см","набор шаров, 34шт, 4см","набор шаров, 34шт, 4см","набор, 34шт, 4см","набор шаров, 34шт, 4см","набор шаров, 34шт, 4см","набор шаров, 34шт, 4см","набор шаров, 34шт, 4см",набор шаров 34шт 4см,набор шаров 34шт 4см,набор шаров 34шт 4см медный,"аров 34т 4см медн, аров 34т 4см медн, аров 34т 4см медн",набор шаров 34шт 4см медный,"Шары 4см медный, набор 34шт"
Набор шаров 24шт 4см жемчужный+золото SYQA-012239,Новогодние товары,Украшения елочные,Шары новогодние,набор шаров 24шт 4см жемчужный+золото,"шт 4, 4см, цвет - золото","набор шаров, 24шт, 4см, цвет - золото","набор шаров, 24шт, 4см, цвет - золото","набор шаров, 24шт, 4см, цвет - золото","набор шаров, 24шт, 4см, цвет - золото","набор шаров, 24шт, 4см, цвет - золото","набор шаров, 24шт, 4см, цвет - золото","набор, 24шт, 4см, цвет - золото","набор шаров, 24шт, 4см, цвет - золото","набор шаров, 24шт, 4см, цвет - золото","набор шаров, 24шт, 4см, цвет - золото","набор шаров, 24шт, 4см, цвет - золото",набор шаров 24шт 4см цвет - золото,набор шаров 24шт 4см цвет - золото,набор шаров 24шт 4см жемчужный+золото,"аров 24т 4см емун+олото, ар 24т 4см емун+олото, аров 24т 4см емун+олото",набор шаров 24шт 4см жемчужный+золото,"Шары 4см жемчужный+золото, набор 24шт"
Набор шаров 24шт 6см жемчужный+золото SYQA-012241,Новогодние товары,Украшения елочные,Шары новогодние,набор шаров 24шт 6см жемчужный+золото,"шт 6, 6см, цвет - золото","набор шаров, 24шт, 6см, цвет - золото","набор шаров, 24шт, 6см, цвет - золото","набор шаров, 24шт, 6см, цвет - золото","набор шаров, 24шт, 6см, цвет - золото","набор шаров, 24шт, 6см, цвет - золото","набор шаров, 24шт, 6см, цвет - золото","набор, 24шт, 6см, цвет - золото","набор шаров, 24шт, 6см, цвет - золото","набор шаров, 24шт, 6см, цвет - золото","набор шаров, 24шт, 6см, цвет - золото","набор шаров, 24шт, 6см, цвет - золото",набор шаров 24шт 6см цвет - золото,набор шаров 24шт 6см цвет - золото,набор шаров 24шт 6см жемчужный+золото,"аров 24т 6см емун+олото, ари 24т 6см емун+олото, аров 24т 6см емун+олото",набор шаров 24шт 6см жемчужный+золото,"Шары 6см жемчужный+золото, набор 24шт"
Набор шаров 24шт 4см жемчужный+шампанское SYQA-012251,Новогодние товары,Украшения елочные,Шары новогодние,набор шаров 24шт 4см жемчужный+шампанское,"шт 4, 4см","набор шаров, 24шт, 4см, цвет - шампанское","набор шаров, 24шт, 4см, цвет - шампанское","набор шаров, 24шт, 4см, цвет - шампанское","набор шаров, 24шт, 4см, цвет - шампанское","набор шаров, 24шт, 4см, цвет - шампанское","набор шаров, 24шт, 4см, цвет - шампанское","набор, 24шт, 4см","набор шаров, 24шт, 4см, цвет - шампанское","набор шаров, 24шт, 4см, цвет - шампанское","набор шаров, 24шт, 4см, цвет - шампанское","набор шаров, 24шт, 4см, цвет - шампанское",набор шаров 24шт 4см цвет - шампанское,набор шаров 24шт 4см цвет - шампанское,набор шаров 24шт 4см жемчужный+шампанское,"емун+аманское, аров 24т 4см емун+аманское, емун+аманское",набор шаров 24шт 4см жемчужный+шампанское,"Шары 4см жемчужный+шампанское, набор 24шт"
Набор шаров 6шт 8см радужный SYQA-0122293,Новогодние товары,Украшения елочные,Шары новогодние,набор шаров 6шт 8см радужный,"шт 8, 8см, 7см, 8см, 8см, 9см, 10см, 11см, 12см, 13см, 14см, цвет - белый","набор шаров, 6шт, 8см","набор шаров, 6шт, 8см","набор шаров, 6шт, 8см","набор шаров, 6шт, 8см","набор шаров, 6шт, 8см","набор шаров, 6шт, 8см","набор, 6шт, 8см","набор шаров, 6шт, 8см","набор шаров, 6шт, 8см","набор шаров, 6шт, 8см","набор шаров, 6шт, 8см",набор шаров 6шт 8см,набор шаров 6шт 8см,набор шаров 6шт 8см радужный,"аров 6т 8см радун, ар 6т 8см радун, аров 6т 8см радун",набор шаров 6шт 8см радужный,"Шары 8см радужный, набор 6шт"
Набор шаров 8шт 8см жемчужный+серебро SYQA-012246,Новогодние товары,Украшения елочные,Шары новогодние,Оригинал Оригинал Оригинал Оригинал Оригинал Оригинал Оригинал Оригинал Оригинал Оригинал Оригинал Оригинал ОригиналОригиналОригиналОригиналОригиналОригиналОригиналОригиналОригиналОригиналОригиналОригиналОригиналОригиналОригиналОригиналОригиналОригиналОригиналОригинал,"шт 8, 8см, цвет - серебро","набор шаров, 8шт, 8см, цвет - серебро","набор шаров, 8шт, 8см, цвет - серебро","набор шаров, 8шт, 8см, цвет - серебро","набор шаров, 8шт, 8см, цвет - серебро","набор шаров, 8шт, 8см, цвет - серебро","набор шаров, 8шт, 8см, цвет - серебро","набор, 8шт, 8см, цвет - серебро","набор шаров, 8шт, 8см, цвет - серебро","набор шаров, 8шт, 8см, цвет - серебро","набор шаров, 8шт, 8см, цвет - серебро","набор шаров, 8шт, 8см, цвет - серебро",набор шаров 8шт 8см цвет - серебро,набор шаров 8шт 8см цвет - серебро,набор шаров 8шт 8см жемчужный+серебро,"аров 8т 8см емун+сереро, 8т 8см емун+sepereро, аров 8т 8см емун+сереро",набор шаров 8шт 8см жемчужный+серебро,"Шары 8см жемчужный+серебро, набор 8шт"
Набор шаров 32шт 4см темно-зелёный SYQA-0122103,Новогодние товары,Украшения елочные,Шары новогодние,тмно-зелный чрный чрный чрный чрный чрный чрный чрный чрный чрный чрный чрный чрный чрный чрный чрный чрный чрный чрный чрный чрный чрный чрный чрный чрный чрный чрный чрный чрный чрный чрный чрный чрный чрный чрный чрный чрный чрный чрный чрный чрный чрный чрный чрный чрный чрный чрный чрный чрный чрный чрный чрный чрный чрный чрный чрный чрный чрный чрный чрный чрный чрный чрный чрный чрный чрный чрный чрный чрный чрный чрный чрный чрный чрный чрный чрный чрный чрный чрный чрный чрный чрный чрный чрный чрный чрный чрный чрный чрный чрный чрный чрный чрный,"шт 4, 4см, 3 см, 1,5 кг, цвет - синий","набор шаров, 32шт, 4см","набор шаров, 32шт, 4см","набор шаров, 32шт, 4см","набор шаров, 32шт, 4см","набор шаров, 32шт, 4см","набор шаров, 32шт, 4см","набор, 32шт, 4см","набор шаров, 32шт, 4см","набор шаров, 32шт, 4см","набор шаров, 32шт, 4см","набор шаров, 32шт, 4см",набор шаров 32шт 4см,набор шаров 32шт 4см,набор шаров 32шт 4см темно-зелёный,"аров 32т 4см темно-елн, ар 32т 4см темно-елн, аров 32т 4см темно-елн",набор шаров 32шт 4см темно-зелёный,"Шары 4см темно-зелёный, набор 32шт"
"Набор шаров 9шт 3см, золото (глянец: 3шт, матовые: 3шт, глиттер: 3шт), SYQA-0122132",Новогодние товары,Украшения елочные,Шары новогодние,набор шаров 9шт 3см золото (глянец 3шт матовые 3шт глиттер 3шт),"шт 3, 3см, цвет - золото","набор шаров, 9шт, 3см, цвет - золото","набор шаров, 9шт, 3см, цвет - золото","набор шаров, 9шт, 3см, цвет - золото","набор шаров, 9шт, 3см, цвет - золото","набор шаров, 9шт, 3см, цвет - золото","набор шаров, 9шт, 3см, цвет - золото","набор, 9шт, 3см, цвет - золото","набор шаров, 9шт, 3см, цвет - золото","набор шаров, 9шт, 3см, цвет - золото","набор шаров, 9шт, 3см, цвет - золото","набор шаров, 9шт, 3см, цвет - золото",набор шаров 9шт 3см цвет - золото,набор шаров 9шт 3см цвет - золото,набор шаров 9шт 3см золото (глянец 3шт матовые 3шт глиттер 3шт),"аров 9т 3см олото (лне 3т матове 3т литтер 3т), ар 9т 3см олото (лне 3т матове 3т литер 3т), аров 9т 3см олото (лне 3т матове 3т литтер 3т)",набор шаров 9шт 3см золото (глянец 3шт матовые 3шт глиттер 3шт),"Шары 3см золото (глянец: 3шт, матовые: 3шт, глиттер: 3шт), набор 9шт"
Набор шаров 6шт 8см красный SYQB-0122226,Новогодние товары,Украшения елочные,Шары новогодние,"в формат цвет шары, шары, шары, шары, цвет","шт 8, 8см, 8см, 8см, 8см, 8см, 8см, 8см, цвет - красный","набор шаров, 6шт, 8см, цвет - красный","набор шаров, 6шт, 8см, цвет - красный","набор шаров, 6шт, 8см, цвет - красный","набор шаров, 6шт, 8см, цвет - красный","набор шаров, 6шт, 8см, цвет - красный","набор шаров, 6шт, 8см, цвет - красный","набор, 6шт, 8см, цвет - красный","набор шаров, 6шт, 8см, цвет - красный","набор шаров, 6шт, 8см, цвет - красный","набор шаров, 6шт, 8см, цвет - красный","набор шаров, 6шт, 8см, цвет - красный",набор шаров 6шт 8см цвет - красный,набор шаров 6шт 8см цвет - красный,набор шаров 6шт 8см красный,"аров 6т 8см красн, ар 6т 8см красн, аров 6т 8см красн",набор шаров 6шт 8см красный,"Шары 8см красный, набор 6шт"
Набор шаров 4шт 8см зелёный+красный+золото SYQB-0122368,Новогодние товары,Украшения елочные,Шары новогодние,набор шаров 4шт 8см зелёный+красный+золото,"шт 8, 8см, цвет - красный","набор шаров, 4шт, 8см, цвет - красный+золото","набор шаров, 4шт, 8см, цвет - красный+золото","набор шаров, 4шт, 8см, цвет - красный+золото","набор шаров, 4шт, 8см, цвет - красный+золото","набор шаров, 4шт, 8см, цвет - красный+золото","набор шаров, 4шт, 8см, цвет - красный+золото","набор, 4шт, 8см, цвет - красный","набор шаров, 4шт, 8см, цвет - красный+золото","набор шаров, 4шт, 8см, цвет - красный+золото","набор шаров, 4шт, 8см, цвет - красный+золото","набор шаров, 4шт, 8см, цвет - красный+золото",набор шаров 4шт 8см цвет - красный+золото,набор шаров 4шт 8см цвет - красный+золото,набор шаров 4шт 8см зелёный+красный+золото,"аров 4т 8см елн+красн+олото, ар 4т 8см елн+красн+олото, елн+красн+олото",набор шаров 4шт 8см зелёный+красный+золото,"Шары 8см зелёный+красный+золото, набор 4шт"
Набор шаров 4шт 8см чёрный+золото SYQF-0122295,Новогодние товары,Украшения елочные,Шары новогодние,ещ ещ вс ещ ещ ещ,"шт 8, 8см, цвет - золото","набор шаров, 4шт, 8см, цвет - золото","набор шаров, 4шт, 8см, цвет - золото","набор шаров, 4шт, 8см, цвет - золото","набор шаров, 4шт, 8см, цвет - золото","набор шаров, 4шт, 8см, цвет - золото","набор шаров, 4шт, 8см, цвет - золото","набор, 4шт, 8см, цвет - золото","набор шаров, 4шт, 8см, цвет - золото","набор шаров, 4шт, 8см, цвет - золото","набор шаров, 4шт, 8см, цвет - золото","набор шаров, 4шт, 8см, цвет - золото",набор шаров 4шт 8см цвет - золото,набор шаров 4шт 8см цвет - золото,набор шаров 4шт 8см чёрный+золото,"аров 4т 8см рн+олото, ар 4т 8см рн+олото, аров 4т 8см рн+олото",набор шаров 4шт 8см чёрный+золото,"Шары 8см чёрный+золото, набор 4шт"
Набор шаров 6шт 8см медный+кофе SYQF-012216,Новогодние товары,Украшения елочные,Шары новогодние,набор шаров 6шт 8см медный+кофе,"шт 8, 8см","набор шаров, 6шт, 8см","набор шаров, 6шт, 8см","набор шаров, 6шт, 8см","набор шаров, 6шт, 8см","набор шаров, 6шт, 8см","набор шаров, 6шт, 8см","набор, 6шт, 8см","набор шаров, 6шт, 8см","набор шаров, 6шт, 8см","набор шаров, 6шт, 8см","набор шаров, 6шт, 8см",набор шаров 6шт 8см,набор шаров 6шт 8см,набор шаров 6шт 8см медный+кофе,"аров 6т 8см медн+кое, ар 6т 8см медн+кое, аров 6т 8см медн+кое",набор шаров 6шт 8см медный+кофе,"Шары 8см медный+кофе, набор 6шт"
Набор шаров 6шт 8см шампанское SYQF-012242,Новогодние товары,Украшения елочные,Шары новогодние,набор шаров 6шт 8см шампанское,"шт 8, 8см, 9см, 10см, 11см, 12см, 13см, 14см, 15см, 16см, 17см, 18см, 19см, 20см, 21см, 22см, 23см, 24см, 25см","набор шаров, 6шт, 8см, цвет - шампанское","набор шаров, 6шт, 8см, цвет - шампанское","набор шаров, 6шт, 8см, цвет - шампанское","набор шаров, 6шт, 8см, цвет - шампанское","набор шаров, 6шт, 8см, цвет - шампанское","набор шаров, 6шт, 8см, цвет - шампанское","набор, 6шт, 8см","набор шаров, 6шт, 8см, цвет - шампанское","набор шаров, 6шт, 8см, цвет - шампанское","набор шаров, 6шт, 8см, цвет - шампанское","набор шаров, 6шт, 8см, цвет - шампанское",набор шаров 6шт 8см цвет - шампанское,набор шаров 6шт 8см цвет - шампанское,набор шаров 6шт 8см шампанское,"арор аров 6т 8см, арор аров 6т 8см, аманское",набор шаров 6шт 8см шампанское,"Шары 8см шампанское, набор 6шт"
Шар с узором 8см чёрный+белый SYPMQB-102227,Новогодние товары,Украшения елочные,Шары новогодние,Ещ ещ Ещ ещ Ещ Ещ Ещ Ещ Ещ Ещ Ещ Ещ2727272727,"8см, цвет - белый","шар узором, 8см, цвет - белый","шар узором, 8см, цвет - белый","шар узором, 8см, цвет - белый","шар узором, 8см, цвет - белый","шар узором, 8см, цвет - белый","шар узором, 8см, цвет - белый","шар, 8см, цвет - белый","шар узором, 8см, цвет - белый","шар узором, 8см, цвет - белый","шар узором, 8см, цвет - белый","шар узором, 8см, цвет - белый",шар узором 8см цвет - белый,шар узором 8см цвет - белый,шар с узором 8см чёрный+белый sypmqb-102227,"ар с уором 8см рн+ел, ар с уором 8см рн+ел",шар с узором 8см чёрный+белый sypmqb-102227,Шар с узором 8см чёрный+белый
"Украшение подвесное шар с фантами-заданиями 6,5см 88532",Новогодние товары,Украшения елочные,Шары новогодние,украшение подвесное шар с фантами-заданиями 65см 88532,65см,"украшение шар, 6,5см","украшение шар, 6,5см","украшение шар, 6,5см","украшение шар, 6,5см","украшение шар, 6,5см","украшение шар, 6,5см","украшение, 65см","украшение шар, 6,5см","украшение шар, 6,5см","украшение шар, 6,5см","украшение шар, 6,5см",украшение шар 65см,украшение шар 65см,украшение подвесное шар с фантами-заданиями 65см 88532,"украение одвесное ар с антами-аданими 65см 88532, краение одвесное ар с антами-аданими 65см 88532, одвесное ар с антами-аданими 65см 88532",украшение подвесное шар с фантами-заданиями 65см 88532,"Шар с фантами-заданиями 6,5см подвесное украшение"
Украшение елочное Шар ажурный золото d80мм,Новогодние товары,Украшения елочные,Шары новогодние,украшение елочное шар ажурный золото d80мм,"80мм, цвет - золото","украшение шар, 80мм, цвет - золото","украшение шар, 80мм, цвет - золото","украшение шар, 80мм, цвет - золото","украшение шар, 80мм, цвет - золото","украшение шар, 80мм, цвет - золото","украшение шар, 80мм, цвет - золото","украшение, 80мм, цвет - золото","украшение шар, 80мм, цвет - золото","украшение шар, 80мм, цвет - золото","украшение шар, 80мм, цвет - золото","украшение шар, 80мм, цвет - золото",украшение шар 80мм цвет - золото,украшение шар 80мм цвет - золото,украшение елочное шар ажурный золото d80мм,"украение елоное ар аурн олото d80мм, краение лоное ар аурн олото d80мм, ар аурн олото d80мм",украшение елочное шар ажурный золото d80мм,Шар ажурный золото диаметр 80мм
Набор шаров 24шт 4см жемчужный+серебро SYQA-012243,Новогодние товары,Украшения елочные,Шары новогодние,набор шаров 24шт 4см жемчужный+серебро,"шт 4, 4см, цвет - серебро","набор шаров, 24шт, 4см, цвет - серебро","набор шаров, 24шт, 4см, цвет - серебро","набор шаров, 24шт, 4см, цвет - серебро","набор шаров, 24шт, 4см, цвет - серебро","набор шаров, 24шт, 4см, цвет - серебро","набор шаров, 24шт, 4см, цвет - серебро","набор, 24шт, 4см, цвет - серебро","набор шаров, 24шт, 4см, цвет - серебро","набор шаров, 24шт, 4см, цвет - серебро","набор шаров, 24шт, 4см, цвет - серебро","набор шаров, 24шт, 4см, цвет - серебро",набор шаров 24шт 4см цвет - серебро,набор шаров 24шт 4см цвет - серебро,набор шаров 24шт 4см жемчужный+серебро,"аров 24т 4см емун+сереро, ар 24т 4см емун+сереро, аров 24т 4см емун+сереро",набор шаров 24шт 4см жемчужный+серебро,"Шары 4см жемчужный+серебро, набор 24шт"
Набор шаров 16шт 8см темно-зелёный SYQA-0122106,Новогодние товары,Украшения елочные,Шары новогодние,тмно-зе тмно зе тмно зе тмно тмнозечччччччччччччччччччччччччччччччччччччччччччччччччччччччччччччччччччччччччччччччччччк,"шт 8, 8см, 3,5см, 1,5кг","набор шаров, 16шт, 8см","набор шаров, 16шт, 8см","набор шаров, 16шт, 8см","набор шаров, 16шт, 8см","набор шаров, 16шт, 8см","набор шаров, 16шт, 8см","набор, 16шт, 8см","набор шаров, 16шт, 8см","набор шаров, 16шт, 8см","набор шаров, 16шт, 8см","набор шаров, 16шт, 8см",набор шаров 16шт 8см,набор шаров 16шт 8см,набор шаров 16шт 8см темно-зелёный,"аров 16т 8см темно-елн, ар 16т 8см темно-елн, аров 16т 8см темно-елн",набор шаров 16шт 8см темно-зелёный,"Шары 8см темно-зелёный, набор 16шт"
Набор шаров 6шт 8см медный SYQF-012288,Новогодние товары,Украшения елочные,Шары новогодние,набор шаров 6шт 8см медный,"шт 8, 8см","набор шаров, 6шт, 8см","набор шаров, 6шт, 8см","набор шаров, 6шт, 8см","набор шаров, 6шт, 8см","набор шаров, 6шт, 8см","набор шаров, 6шт, 8см","набор, 6шт, 8см","набор шаров, 6шт, 8см","набор шаров, 6шт, 8см","набор шаров, 6шт, 8см","набор шаров, 6шт, 8см",набор шаров 6шт 8см,набор шаров 6шт 8см,набор шаров 6шт 8см медный,"аров 6т 8см медн, ар 6т 8см медн, аров 6т 8см медн",набор шаров 6шт 8см медный,"Шары 8см медный, набор 6шт"
"Набор шаров 3шт 8см серебро, SYQB3-0123334",Новогодние товары,Украшения елочные,Шары новогодние,набор шаров 3шт 8см серебро,"шт 8, 8см, 9см, 10см, 12см, 13см, 14см, 15см, 16см, 17см, 18см, 19см, 20см, 21см, 22см, 23см, 24см, 25см, 26см, цвет - золото","набор шаров, 3шт, 8см, цвет - серебро","набор шаров, 3шт, 8см, цвет - серебро","набор шаров, 3шт, 8см, цвет - серебро","набор шаров, 3шт, 8см, цвет - серебро","набор шаров, 3шт, 8см, цвет - серебро","набор шаров, 3шт, 8см, цвет - серебро","набор, 3шт, 8см, цвет - серебро","набор шаров, 3шт, 8см, цвет - серебро","набор шаров, 3шт, 8см, цвет - серебро","набор шаров, 3шт, 8см, цвет - серебро","набор шаров, 3шт, 8см, цвет - серебро",набор шаров 3шт 8см цвет - серебро,набор шаров 3шт 8см цвет - серебро,набор шаров 3шт 8см серебро,"аров 3т 8см сереро, аров 3т 8см сереро, аров 3т 8см сереро",набор шаров 3шт 8см серебро,"Шары 8см серебро, набор 3шт"
"Набор шаров 6шт 8см синий, глянец, SYCB17-651-B",Новогодние товары,Украшения елочные,Шары новогодние,Просмотров Просмотров  Просмотров Просмотров  Просмотров Просмотров  Просмотров Просмотров   ссылка ссылка ссылка ссылка здесь  комментарии комментарии здесь здесь  комментарии комментарии здесь здесь  Новости новости,"шт 8, 8см, 35мм, 45мм, 55мм, 65мм, 75мм, 85мм, цвет - синий","набор шаров, 6шт, 8см, цвет - синий","набор шаров, 6шт, 8см, цвет - синий","набор шаров, 6шт, 8см, цвет - синий","набор шаров, 6шт, 8см, цвет - синий","набор шаров, 6шт, 8см, цвет - синий","набор шаров, 6шт, 8см, цвет - синий","набор, 6шт, 8см, цвет - синий","набор шаров, 6шт, 8см, цвет - синий","набор шаров, 6шт, 8см, цвет - синий","набор шаров, 6шт, 8см, цвет - синий","набор шаров, 6шт, 8см, цвет - синий",набор шаров 6шт 8см цвет - синий,набор шаров 6шт 8см цвет - синий,набор шаров 6шт 8см синий глянец -b,"аров 6т 8см сини лне -b, 6т 8см лне -b, аров 6т 8см сини лне -b",набор шаров 6шт 8см синий глянец -b,"Шары 8см синий, глянец, набор 6шт"
Набор шаров 4шт 8см серебро SYQA-0122301,Новогодние товары,Украшения елочные,Шары новогодние,набор шаров 4шт 8см серебро,"шт 8, 8см, 9см, 10см, 12см, 13см, 14см, 15см, 16см, 17см, 18см, 19см, 20см, 21см, 22см, 23см, 24см, 25см, 26см, цвет - золото","набор шаров, 4шт, 8см, цвет - серебро","набор шаров, 4шт, 8см, цвет - серебро","набор шаров, 4шт, 8см, цвет - серебро","набор шаров, 4шт, 8см, цвет - серебро","набор шаров, 4шт, 8см, цвет - серебро","набор шаров, 4шт, 8см, цвет - серебро","набор, 4шт, 8см, цвет - серебро","набор шаров, 4шт, 8см, цвет - серебро","набор шаров, 4шт, 8см, цвет - серебро","набор шаров, 4шт, 8см, цвет - серебро","набор шаров, 4шт, 8см, цвет - серебро",набор шаров 4шт 8см цвет - серебро,набор шаров 4шт 8см цвет - серебро,набор шаров 4шт 8см серебро,"аров 4т 8см сереро, аров 4т 8см сереро, аров 4т 8см сереро",набор шаров 4шт 8см серебро,"Шары 8см серебро, набор 4шт"
Набор шаров 16шт 8см серебро SYQA-012286,Новогодние товары,Украшения елочные,Шары новогодние,набор шаров 16шт 8см серебро,"шт 8, 8см, 9см, 10см, 12см, 13см, 14см, 15см, 16см, 16см, 16см, 17см, 18см, 19см, 20см, 21см, 22см, 23см, 24см, цвет - золото","набор шаров, 16шт, 8см, цвет - серебро","набор шаров, 16шт, 8см, цвет - серебро","набор шаров, 16шт, 8см, цвет - серебро","набор шаров, 16шт, 8см, цвет - серебро","набор шаров, 16шт, 8см, цвет - серебро","набор шаров, 16шт, 8см, цвет - серебро","набор, 16шт, 8см, цвет - серебро","набор шаров, 16шт, 8см, цвет - серебро","набор шаров, 16шт, 8см, цвет - серебро","набор шаров, 16шт, 8см, цвет - серебро","набор шаров, 16шт, 8см, цвет - серебро",набор шаров 16шт 8см цвет - серебро,набор шаров 16шт 8см цвет - серебро,набор шаров 16шт 8см серебро,"аров 16т 8см сереро, аров 16т 8см сереро, аров 16т 8см сереро",набор шаров 16шт 8см серебро,"Шары 8см серебро, набор 16шт"
Набор шаров 32шт 4см золото SYQA-012279,Новогодние товары,Украшения елочные,Шары новогодние,Оригинал Оригинал Оригинал Оригинал Оригинал Оригинал Оригинал Оригинал Оригинал,"шт 4, 4см, 5см, 5см, 6см, 7см, 8см, 9см, 10см, 11см, 12см, 13см, 14см, 15см, 16см, 17см, 18см, 19см, 20см, цвет - золото","набор шаров, 32шт, 4см, цвет - золото","набор шаров, 32шт, 4см, цвет - золото","набор шаров, 32шт, 4см, цвет - золото","набор шаров, 32шт, 4см, цвет - золото","набор шаров, 32шт, 4см, цвет - золото","набор шаров, 32шт, 4см, цвет - золото","набор, 32шт, 4см, цвет - золото","набор шаров, 32шт, 4см, цвет - золото","набор шаров, 32шт, 4см, цвет - золото","набор шаров, 32шт, 4см, цвет - золото","набор шаров, 32шт, 4см, цвет - золото",набор шаров 32шт 4см цвет - золото,набор шаров 32шт 4см цвет - золото,набор шаров 32шт 4см золото,"аров 32т 4см олото, ари аров 32т 4см олото, аров 32т 4см олото",набор шаров 32шт 4см золото,"Шары 4см золото, набор 32шт"
"Набор шаров 6шт 7см радужно-белый, SYQA-0123002",Новогодние товары,Украшения елочные,Шары новогодние,"в формат шары, шары, шары, шары, шары","шт 7, 7см, 5см, цвет - белый","набор шаров, 6шт, 7см, цвет - белый","набор шаров, 6шт, 7см, цвет - белый","набор шаров, 6шт, 7см, цвет - белый","набор шаров, 6шт, 7см, цвет - белый","набор шаров, 6шт, 7см, цвет - белый","набор шаров, 6шт, 7см, цвет - белый","набор, 6шт, 7см, цвет - белый","набор шаров, 6шт, 7см, цвет - белый","набор шаров, 6шт, 7см, цвет - белый","набор шаров, 6шт, 7см, цвет - белый","набор шаров, 6шт, 7см, цвет - белый",набор шаров 6шт 7см цвет - белый,набор шаров 6шт 7см цвет - белый,набор шаров 6шт 7см радужно-белый,"аров 6т 7см радуно-ел, ар 6т 7см радуно-ел, аров 6т 7см радуно-ел",набор шаров 6шт 7см радужно-белый,"Шары 7см радужно-белый, набор 6шт"
Набор шаров 24шт 6см красный SYQA-012289,Новогодние товары,Украшения елочные,Шары новогодние,набор шаров 24шт 6см красный,"шт 6, 6см, 6см, 6см, 6см, 6см, 6см, 6см, цвет - красный","набор шаров, 24шт, 6см, цвет - красный","набор шаров, 24шт, 6см, цвет - красный","набор шаров, 24шт, 6см, цвет - красный","набор шаров, 24шт, 6см, цвет - красный","набор шаров, 24шт, 6см, цвет - красный","набор шаров, 24шт, 6см, цвет - красный","набор, 24шт, 6см, цвет - красный","набор шаров, 24шт, 6см, цвет - красный","набор шаров, 24шт, 6см, цвет - красный","набор шаров, 24шт, 6см, цвет - красный","набор шаров, 24шт, 6см, цвет - красный",набор шаров 24шт 6см цвет - красный,набор шаров 24шт 6см цвет - красный,набор шаров 24шт 6см красный,"аров наор аров 24т 6см красн, ар 24т 6см красн, аров наор аров 24т 6см красн",набор шаров 24шт 6см красный,"Шары 6см красный, набор 24шт"
Набор шаров 6шт 8см прозрачный SYQF-0122143,Новогодние товары,Украшения елочные,Шары новогодние,шар шар шар шар прозранный шар прозрачный шарммммммммммммммммммммммммммммммммммммммммммммммммммммммммммммммммммммммммммммммммммммммммммммммммммммммммм,"шт 8, 8см, 8см, 8см, 8см, 8см, 8см, 8см, 8см, 8см","набор шаров, 6шт, 8см","набор шаров, 6шт, 8см","набор шаров, 6шт, 8см","набор шаров, 6шт, 8см","набор шаров, 6шт, 8см","набор шаров, 6шт, 8см","набор, 6шт, 8см","набор шаров, 6шт, 8см","набор шаров, 6шт, 8см","набор шаров, 6шт, 8см","набор шаров, 6шт, 8см",набор шаров 6шт 8см,набор шаров 6шт 8см,набор шаров 6шт 8см прозрачный,"аров 6т 8см, ар 6т 8см роран, аров 6т 8см роран",набор шаров 6шт 8см прозрачный,"Шары 8см прозрачный, набор 6шт"
